<wmts>
  <id>WMTSInfoImpl-1e5b8b1c:15bca87f8b5:-7fa6</id>
  <enabled>true</enabled>
  <name>WMTS</name>
  <title>GeoServer Web Map Tile Service</title>
  <maintainer>http://geoserver.org/com</maintainer>
  <abstrct>A compliant implementation of WMTS service.</abstrct>
  <accessConstraints>NONE</accessConstraints>
  <fees>NONE</fees>
  <versions>
    <org.geotools.util.Version>
      <version>1.0.0</version>
    </org.geotools.util.Version>
  </versions>
  <citeCompliant>false</citeCompliant>
  <onlineResource>http://geoserver.org</onlineResource>
  <schemaBaseURL>http://schemas.opengis.net</schemaBaseURL>
  <verbose>false</verbose>
</wmts>