<?xml version="1.0" encoding="UTF-8"?>
<as:AppSchemaDataAccess xmlns:as="http://www.geotools.org/app-schema"
    xmlns:xsi="http://www.w3.org/2001/XMLSchema-instance"
    xsi:schemaLocation="http://www.geotools.org/app-schema AppSchemaDataAccess.xsd">
    <namespaces>
        <Namespace>
            <prefix>gml</prefix>
            <uri>http://www.opengis.net/gml</uri>
        </Namespace>
        <Namespace>
            <prefix>gsml</prefix>
            <uri>urn:cgi:xmlns:CGI:GeoSciML:2.0</uri>
        </Namespace>
        <Namespace>
            <prefix>xlink</prefix>
            <uri>http://www.w3.org/1999/xlink</uri>
        </Namespace>
    </namespaces>
    <sourceDataStores>
        <DataStore>
            <id>datastore</id>
            <parameters>
                <Parameter>
                    <name>directory</name>
                    <value>file:./</value>
                </Parameter>
            </parameters>
        </DataStore>
    </sourceDataStores>
    <catalog>../../../schemas/catalog.xml</catalog>
    <targetTypes>
        <FeatureType>
            <schemaUri>http://www.geosciml.org/geosciml/2.0/xsd/geosciml.xsd</schemaUri>
        </FeatureType>
    </targetTypes>
    <typeMappings>
        <FeatureTypeMapping>
            <sourceDataStore>datastore</sourceDataStore>
            <sourceType>gsml_MappedFeature</sourceType>
            <targetElement>gsml:MappedFeature</targetElement>
            <attributeMappings>
                <AttributeMapping>
                    <targetAttribute>
                        gsml:MappedFeature
                    </targetAttribute>
                    <idExpression>
                        <OCQL>getId()</OCQL>
                    </idExpression>
                </AttributeMapping>
                <AttributeMapping>
                    <targetAttribute>
                        gml:name[1]
                      </targetAttribute>
                    <sourceExpression>
                        <OCQL>NAME</OCQL>
                    </sourceExpression>
                </AttributeMapping>
                <AttributeMapping>
                    <targetAttribute>
                        gml:name[2]
                      </targetAttribute>
                    <sourceExpression>
                        <OCQL>GU_URN</OCQL>
                    </sourceExpression>
                </AttributeMapping>
                <AttributeMapping>
                    <targetAttribute>
                        gsml:specification
                    </targetAttribute>
                    <ClientProperty>
                        <name>xlink:href</name>
                        <value>GU_URN</value>
                    </ClientProperty>
                </AttributeMapping>
                <AttributeMapping>
                    <targetAttribute>
                        gsml:shape
                      </targetAttribute>
                    <sourceExpression>
                        <OCQL>SHAPE</OCQL>
                    </sourceExpression>
                </AttributeMapping>
                <AttributeMapping>
                    <targetAttribute>gsml:observationMethod/gsml:CGI_TermValue/gsml:value</targetAttribute>
                    <sourceExpression>
                        <OCQL>'urn:ogc:def:nil:OGC:missing'</OCQL>
                    </sourceExpression>
                    <ClientProperty>
                        <name>codeSpace</name>
                        <value>'urn:ietf:rfc:2141'</value>
                    </ClientProperty>
                </AttributeMapping>
                <AttributeMapping>
                    <targetAttribute>gsml:positionalAccuracy</targetAttribute>
                    <targetAttributeNode>gsml:CGI_TermValuePropertyType</targetAttributeNode>
                </AttributeMapping>
                <AttributeMapping>
                    <targetAttribute>gsml:positionalAccuracy/gsml:CGI_TermValue/gsml:value</targetAttribute>
                    <sourceExpression>
                        <OCQL>'urn:ogc:def:nil:OGC:missing'</OCQL>
                    </sourceExpression>
                    <ClientProperty>
                        <name>codeSpace</name>
                        <value>'urn:ietf:rfc:2141'</value>
                    </ClientProperty>
                </AttributeMapping>
            </attributeMappings>
        </FeatureTypeMapping>
    </typeMappings>
</as:AppSchemaDataAccess>
