<wcs>
  <id>WCSInfoImpl-1e5b8b1c:15bca87f8b5:-7fa4</id>
  <enabled>true</enabled>
  <name>WCS</name>
  <versions>
    <org.geotools.util.Version>
      <version>1.0.0</version>
    </org.geotools.util.Version>
    <org.geotools.util.Version>
      <version>1.1.1</version>
    </org.geotools.util.Version>
    <org.geotools.util.Version>
      <version>2.0.1</version>
    </org.geotools.util.Version>
  </versions>
  <citeCompliant>false</citeCompliant>
  <schemaBaseURL>http://schemas.opengis.net</schemaBaseURL>
  <verbose>false</verbose>
  <gmlPrefixing>false</gmlPrefixing>
  <latLon>false</latLon>
  <maxInputMemory>-1</maxInputMemory>
  <maxOutputMemory>-1</maxOutputMemory>
  <subsamplingEnabled>true</subsamplingEnabled>
</wcs>