<assembly>
  <id>sec-oidc-plugin</id>
  <formats>
    <format>zip</format>
  </formats>
  <includeBaseDirectory>false</includeBaseDirectory>
  <fileSets>
    <fileSet>
      <directory>target/dependency</directory>
      <outputDirectory></outputDirectory>
      <includes>
        <include>gs-sec-oidc-core*</include>
        <include>gs-sec-oidc-web*</include>
        <include>spring-security-core-*</include>
        <include>spring-security-config-*</include>
        <include>spring-security-crypto*</include>
        <include>spring-security-web-*</include>
        <include>spring-security-oauth2*</include>
        <include>spring-security-jwt*</include>
        <include>commons-codec*</include>
        <include>jackson-core-*</include>
        <include>jackson-databind-*</include>
        <include>jackson-annotations-*</include>
        <include>jettison-*</include>
        <include>json-lib-2.4.2-*</include>
        <include>spring-aop-*</include>
        <include>spring-context-*</include>
        <include>spring-webmvc-*</include>
        <include>json-path-*</include>
        <include>json-smart*.jar</include>
        <include>accessors-smart*</include>
        <include>json-simple*</include>
        <include>nimbus-jose-jwt*</include>
        <include>jwt-headers-util*</include>
        <include>gs-jwt-headers*</include>
      </includes>
    </fileSet>
  </fileSets>
</assembly>
